Mutation,Site,Detection Date,Detection Region,p value,logOR
F59L,59,2024-07,CA,5.25E-14,2.55
P463L,463,2024-07,CA,2.10E-07,1.53
S31X,31,2024-07,CA,2.60E-09,1.12
V483D,483,2024-07,CA,5.17E-13,2.23
V62F,62,2024-07,CA,1.82E-08,3.68
Y473H,473,2024-07,CA,2.16E-10,1.89
K182E,182,2024-08,CA,1.48E-06,3.25
A435S,435,2024-09,CA,1.53E-16,2.14
F456V,456,2024-09,CA,7.13E-09,1.45
K182R,182,2024-09,CA,1.20E-09,3.93
K77N,77,2024-09,CA,4.01E-09,3.97
C1241F,1241,2025-01,CA,1.52E-18,2.14
F1103L,1103,2025-01,CA,2.41E-11,4.50
F817L,817,2025-01,CA,9.16E-15,2.20
G842S,842,2025-01,CA,1.20E-14,2.19
I934V,934,2025-01,CA,5.58E-25,3.58
K182T,182,2025-01,CA,1.27E-11,4.48
K986R,986,2025-01,CA,7.47E-24,3.05
L821V,821,2025-01,CA,2.42E-14,2.16
R237K,237,2025-01,CA,2.06E-19,2.60
R765L,765,2025-01,CA,4.16E-25,3.36
S31P,31,2025-01,CA,1.47E-10,3.86
S673T,673,2025-01,CA,9.25E-09,1.63
T22N,22,2025-01,CA,1.66E-10,3.66
V1133I,1133,2025-01,CA,2.41E-11,4.34
V445G,445,2025-01,CA,6.24E-34,1.94
V62A,62,2025-01,CA,1.72E-15,4.24
I101T,101,2025-02,CA,2.07E-12,4.43
N440S,440,2025-02,CA,2.41E-11,4.50
R190T,190,2025-02,CA,3.41E-11,4.23
R78S,78,2025-02,CA,2.71E-14,4.16
A1174V,1174,2025-03,CA,4.26E-12,4.29
I1232V,1232,2025-03,CA,1.71E-11,4.21
K529R,529,2025-03,CA,1.15E-11,4.48
L441V,441,2025-03,CA,2.41E-11,4.50
P85S,85,2025-03,CA,6.96E-14,4.34
R34L,34,2025-03,CA,3.43E-12,1.68
T376N,376,2025-04,CA,7.88E-13,4.40
V534I,534,2025-04,CA,2.77E-11,4.35
V952I,952,2025-04,CA,3.25E-18,4.08
W64G,64,2025-04,CA,1.11E-11,4.48
E654A,654,2025-05,CA,5.39E-12,4.46
R237M,237,2025-05,CA,7.34E-12,4.47
R765S,765,2025-05,CA,1.04E-15,2.28
T791A,791,2025-05,CA,2.37E-25,2.63
I1225V,1225,2025-06,CA,2.41E-11,4.50
L335F,335,2025-06,CA,7.80E-16,3.96
S689N,689,2025-06,CA,1.64E-11,4.33
D1084G,1084,2025-07,CA,5.64E-12,4.30
G946R,946,2025-07,CA,3.18E-13,4.38
I1114T,1114,2025-07,CA,8.84E-12,4.47
K529T,529,2025-07,CA,5.80E-25,3.46
R408K,408,2025-07,CA,1.34E-11,4.49
S680P,680,2025-07,CA,1.23E-29,3.18
E340Q,340,2025-08,CA,7.18E-12,4.47
L441I,441,2025-09,CA,3.22E-16,4.20
P1143S,1143,2025-09,CA,2.55E-12,4.44
R683L,683,2025-09,CA,2.80E-19,2.59
T604I,604,2025-09,CA,1.52E-12,4.14
T676N,676,2025-09,CA,3.50E-14,2.15
G219S,219,2025-10,CA,1.45E-16,4.18
L922F,922,2025-10,CA,7.30E-12,4.47
E702K,702,2025-11,CA,2.60E-13,3.82
H625R,625,2025-11,CA,4.95E-10,4.08
I1172V,1172,2025-11,CA,1.02E-09,1.76
V1189A,1189,2025-11,CA,3.42E-14,2.21
V826L,826,2025-11,CA,3.66E-24,2.35
M153V,153,2025-12,CA,8.71E-08,3.52
N532S,532,2025-12,CA,1.11E-08,3.41
K1181E,1181,2026-01,CA,2.38E-12,1.44
N641K,641,2026-01,CA,2.33E-10,3.84
S680Y,680,2026-01,CA,6.10E-10,4.04
