AA,Unnamed: 0,date,region,mut_inhost,wildtype_inhost,mut_between,wildtype_between,p_value,OR,Ref,Site,Alt
A344T,8964,2023-10-01,CA,199.1248944499885,0.8751055500115146,2,198,1.7888470323112125e-18,11526.54544896307,A,344,T
A348S,9849,2020-05-01,IND,132.80469897209986,0.1953010279001468,2,131,1.2730039600674396e-11,10084.591974656812,A,348,S
A348T,5093,2021-11-01,CA,189.0016313929755,10.9983686070245,3,197,2.336914880688591e-28,929.9846533321828,A,348,T
A411S,10352,2021-03-01,IND,106.19756427604872,93.80243572395128,2,198,5.219119529536062e-12,89.83634980879471,A,411,S
A411V,10353,2021-03-01,IND,88.73201679921365,111.26798320078636,2,198,1.9743697633420142e-10,63.39044448113221,A,411,V
A475S,4335,2020-11-01,CA,199.9704316972206,0.0295683027794204,4,196,2.5600071770481614e-11,16530.210496929092,A,475,S
A475V,1007,2021-03-01,SA,72.29644076060458,127.70355923939542,2,198,5.501389464281967e-09,45.08484343713811,A,475,V
A520S,4272,2020-10-01,CA,199.6026197659872,0.3973802340128045,11,189,8.786158804653409e-14,3674.4102936641066,A,520,S
A522P,8264,2023-07-01,CA,183.61797818492363,16.38202181507637,2,198,5.663383585037402e-23,865.9488554165692,A,522,P
A522S,4171,2020-08-01,CA,165.93754714134863,34.06245285865138,2,198,3.112029406834336e-19,382.35542185239257,A,522,S
A522V,1305,2021-05-01,SA,171.66567871962062,28.33432128037937,2,198,2.684969019353084e-20,474.0862376268156,A,522,V
D405E,10362,2021-03-01,IND,90.80655268104914,109.19344731895086,2,198,1.2934021272444251e-10,66.09091481823475,D,405,E
D405G,10363,2021-03-01,IND,96.2361755262219,103.7638244737781,2,198,4.238591635518647e-11,73.66747168106922,D,405,G
D405H,10364,2021-03-01,IND,83.77560106856635,116.22439893143364,2,198,5.397107508073932e-10,57.32719796462508,D,405,H
D405N,1766,2021-12-01,SA,176.69508729192043,23.304912708079577,18,182,2.4330075371659707e-39,73.43045581761119,D,405,N
D427N,4697,2021-05-01,CA,199.06502337441563,0.9349766255843605,2,198,8.874714795536486e-19,11042.314260328743,D,427,N
D427Y,1194,2021-04-01,SA,43.75266524520256,108.24733475479744,2,150,1.36125198270644e-06,24.497248174109117,D,427,Y
D467V,10365,2021-03-01,IND,117.7194651149779,82.2805348850221,2,198,4.1105384271010573e-13,113.3916994274896,D,467,V
E406G,10371,2021-03-01,IND,87.42826398852223,112.57173601147775,2,198,2.5737286977640716e-10,61.74402558018549,E,406,G
E484A,619,2020-12-01,SA,200.0,0.0,2,198,2.4078012692326716e-11,31839.4,E,484,A
E484D,1647,2021-10-01,SA,112.85475792988314,87.14524207011686,2,198,1.2252919255179748e-12,102.69088848465222,E,484,D
E484G,6349,2022-11-01,CA,199.32949493477156,0.6705050652284819,4,196,1.1917197438631337e-17,7454.805796830734,E,484,G
E484K,12,2020-03-01,SA,22.51803464924737,6.481965350752627,3,26,6.64886337394874e-06,24.961367816392528,E,484,K
E484Q,4449,2021-01-01,CA,120.83108957099265,79.16891042900735,2,198,2.0085454529595477e-13,120.92155472016096,E,484,Q
E484V,5956,2022-08-01,CA,168.27213017340017,31.727869826599825,2,198,1.1859787202903128e-19,415.80492933192977,E,484,V
F456L,7337,2023-04-01,CA,197.5443383356071,2.4556616643929057,4,196,4.3238015220615477e-26,2925.888376028925,F,456,L
F486L,2398,2022-08-01,SA,58.15506329113924,9.84493670886076,5,63,6.646337174963159e-14,65.46191495870298,F,486,L
F486S,2399,2022-08-01,SA,58.18534414242568,9.814655857574312,5,63,6.502553932689674e-14,65.68798636002883,F,486,S
F486V,1774,2021-12-01,SA,121.38291690877396,78.61708309122604,6,194,1.6639082277572133e-19,46.097653702234325,F,486,V
F490L,1649,2021-10-01,SA,86.1952861952862,113.8047138047138,2,198,3.3056855338302977e-10,60.22153850685598,F,490,L
F490S,4629,2021-04-01,CA,199.9541021227768,0.0458978772231784,2,198,6.601822678559738e-12,29155.738413032053,F,490,S
G339C,1962,2022-02-01,SA,198.33024118738405,1.6697588126159555,2,198,1.597366594760355e-21,7275.979734929456,G,339,C
G339D,634,2020-12-01,SA,200.0,0.0,3,197,3.649249312113953e-11,22627.85714285714,G,339,D
G339R,11102,2022-06-01,IND,155.6701030927835,44.329896907216494,4,196,3.069032159146474e-23,152.11785673220652,G,339,R
G404A,10380,2021-03-01,IND,76.27569099929129,123.72430900070871,2,198,2.45770092730012e-09,49.07243931869204,G,404,A
G404S,10381,2021-03-01,IND,102.98152551673678,97.01847448326322,2,198,1.0348620170008932e-11,84.25514416182813,G,404,S
G446D,2403,2022-08-01,SA,58.61704841661583,9.382951583384171,5,63,4.78297587307598e-14,69.06167551230249,G,446,D
G446S,635,2020-12-01,SA,200.0,0.0,3,197,3.649249312113953e-11,22627.85714285714,G,446,S
G446V,10245,2020-12-01,IND,114.45270988310308,85.54729011689692,3,197,9.196421347800052e-15,75.38432868407982,G,446,V
G476S,1710,2021-11-01,SA,70.95669195008564,129.04330804991437,3,197,7.735702711796192e-10,31.12626276458205,G,476,S
G496S,637,2020-12-01,SA,199.07407407407408,0.925925925925926,2,198,9.84423993159973e-19,11112.906493506493,G,496,S
H519L,6816,2023-01-01,CA,115.22897488320852,84.77102511679149,3,197,7.390046376359849e-15,76.58428776490123,H,519,L
I332V,3258,2023-08-01,SA,45.9678448162873,0.0321551837127004,7,39,1.934158206199945e-05,459.8858694908528,I,332,V
I410V,10385,2021-03-01,IND,88.84560906515581,111.1543909348442,2,198,1.9292415458896402e-10,63.53571319835592,I,410,V
K356T,6078,2022-09-01,CA,199.88351776354105,0.11648223645894,2,198,1.0325799775075128e-12,25808.45054322154,K,356,T
K417N,26,2020-03-01,SA,23.62633022490401,5.373669775095996,3,26,2.619601090710115e-06,31.09994143066605,K,417,N
K417T,4561,2021-03-01,CA,198.59086773900083,1.4091322609991677,8,192,6.478030999725809e-22,2361.7130593942816,K,417,T
K444M,6408,2022-11-01,CA,188.3193700022549,11.680629997745053,3,197,3.225085309609621e-28,874.7336803796338,K,444,M
K444N,4804,2021-06-01,CA,104.40831377807577,95.59168622192423,2,198,7.646693469244753e-12,86.6851279385574,K,444,N
K444R,5875,2022-07-01,CA,194.81137688920623,5.188623110793764,2,198,4.929401119667454e-25,2726.0943505956925,K,444,R
K444T,5972,2022-08-01,CA,167.81695706167915,32.18304293832085,2,198,1.4364072701893106e-19,408.9082652407377,K,444,T
K458E,10862,2022-02-01,IND,60.75949367088607,139.2405063291139,2,198,5.867473989443727e-08,34.80740069749535,K,458,E
L335S,8375,2023-07-01,CA,198.9228266763058,1.0771733236941985,2,198,1.922420275164603e-19,10039.589308428349,L,335,S
L368I,6238,2022-10-01,CA,199.5352099118549,0.4647900881451025,2,198,6.892415032487411e-16,16462.436608918124,L,368,I
L441R,4812,2021-06-01,CA,108.14683178763812,91.85316821236188,2,198,3.430891918001357e-12,93.4083649854014,L,441,R
L452M,11034,2022-05-01,IND,192.54730713246,7.452692867540029,4,196,2.6233754664610606e-31,1059.9846557457065,L,452,M
L452Q,4644,2021-04-01,CA,199.8791341610812,0.1208658389188001,2,198,9.24799201802728e-13,25625.670241571544,L,452,Q
L452R,166,2020-06-01,SA,158.77855153203342,0.2214484679665738,4,155,2.195466762095701e-12,7629.0394680394675,L,452,R
L455F,7785,2023-05-01,CA,188.0912547528517,11.908745247148287,2,198,4.189190675597571e-24,1206.7413206679944,L,455,F
L455S,1975,2022-02-01,SA,64.22018348623853,135.77981651376146,2,198,2.8644179898626868e-08,37.70758356053721,L,455,S
L513F,7117,2023-02-01,CA,56.33879781420765,143.66120218579235,2,198,1.4853761163625144e-07,31.3052366241495,L,513,F
L517F,7219,2023-03-01,CA,197.9819213790204,2.018078620979609,2,198,2.2502078730412092e-22,6258.527603623158,L,517,F
L517V,6897,2023-01-01,CA,122.82813794045576,77.17186205954424,2,198,1.258241026838374e-13,126.07209216852972,L,517,V
N439K,10713,2021-11-01,IND,199.2040709812109,0.795929018789144,6,194,2.7440444149759288e-18,4611.178692028873,N,439,K
N440K,10252,2020-12-01,IND,165.5667561099427,34.43324389005729,17,183,4.778147424989099e-36,49.84731914403957,N,440,K
N450D,5997,2022-08-01,CA,199.41475697102703,0.5852430289729325,2,198,9.455553261202847e-17,14626.43046739667,N,450,D
N450K,1350,2021-05-01,SA,199.21841076856276,0.7815892314372558,6,194,3.526268817240736e-18,4663.108289135901,N,450,K
N460H,8855,2023-09-01,CA,178.92948173322006,21.07051826677995,3,197,7.951291730669979e-26,469.3883197960831,N,460,H
N460K,11160,2022-07-01,IND,199.49523275378576,0.5047672462142456,6,194,6.853008526271065e-16,5956.078640589107,N,460,K
N460S,6102,2022-09-01,CA,197.81708694015808,2.182913059841927,2,198,1.0437628725280624e-22,5869.134165673004,N,460,S
N481K,7507,2023-04-01,CA,169.65892941733776,30.341070582662244,2,198,6.544055572534824e-20,438.072308791116,N,481,K
N487D,3675,2024-01-01,SA,62.0,0.0,3,59,4.862940809005999e-07,2125.0,N,487,D
N501Y,34,2020-03-01,SA,24.702943673931504,4.297056326068497,3,26,1.1052105613640595e-06,39.779038403182845,N,501,Y
P330L,4250,2020-09-01,CA,150.997150997151,49.00284900284901,2,198,6.328417107217245e-17,242.99356565278697,P,330,L
P330S,4467,2021-01-01,CA,193.3552091878589,6.6447908121411,2,198,4.282870229104842e-25,2154.31130374878,P,330,S
P384L,4251,2020-09-01,CA,126.23826903023983,73.76173096976017,4,196,5.3664957868767814e-18,74.52341435331452,P,384,L
P521Q,8869,2023-09-01,CA,184.26864317047347,15.731356829526549,2,198,3.8869547484863916e-23,903.844972531697,P,521,Q
P521S,6454,2022-11-01,CA,199.56735496558505,0.4326450344149459,2,198,1.2191292715114114e-15,17032.57659462309,P,521,S
P521T,8148,2023-06-01,CA,171.93370165745856,28.06629834254144,3,197,4.2453095771781166e-24,340.61772141406607,P,521,T
Q409K,10403,2021-03-01,IND,97.8060863411182,102.1939136588818,2,198,3.061116842278599e-11,76.00745728137609,Q,409,K
Q474L,10404,2021-03-01,IND,115.36730100266011,84.63269899733989,2,198,6.997596978259017e-13,108.06498334909688,Q,474,L
Q493E,9498,2024-04-01,CA,45.22671084413837,36.773289155861626,4,78,8.826044365083045e-09,21.40076942531657,Q,493,E
Q493L,8647,2023-08-01,CA,198.0054221533695,1.994577846630519,2,198,2.5298384474974243e-22,6318.235584536563,Q,493,L
Q493R,685,2020-12-01,SA,199.0033222591362,0.9966777408637874,2,198,4.468800021920722e-19,10583.81731409545,Q,493,R
Q498R,686,2020-12-01,SA,200.0,0.0,2,198,2.4078012692326716e-11,31839.4,Q,498,R
R346G,4519,2021-02-01,CA,199.30747922437672,0.6925207756232687,2,198,1.928206567604367e-17,13303.51149825784,R,346,G
R346K,10290,2021-01-01,IND,199.9199038846616,0.080096115338406,2,198,2.635608810338163e-12,27432.247773558855,R,346,K
R346S,4659,2021-04-01,CA,199.9034768444972,0.0965231555028253,2,198,1.7179475473570085e-12,26674.63268553321,R,346,S
R346T,11057,2022-05-01,IND,176.3195341762214,23.680465823778604,25,175,3.281050445671881e-38,50.32717111257885,R,346,T
R403K,1911,2022-01-01,SA,78.1029263370333,121.8970736629667,2,198,1.698773758056182e-09,50.990372272672936,R,403,K
R408I,4367,2020-11-01,CA,199.8803177020999,0.1196822979001196,2,198,9.526861694122482e-13,25674.76476165394,R,408,I
R408S,10408,2021-03-01,IND,96.21974916092564,103.78025083907436,2,198,4.253017344632869e-11,73.64336028716117,R,408,S
R408T,10409,2021-03-01,IND,87.27272727272727,112.72727272727272,2,198,2.656343035954299e-10,61.55014050582096,R,408,T
S371F,710,2020-12-01,SA,200.0,0.0,3,197,3.649249312113953e-11,22627.85714285714,S,371,F
S371P,711,2020-12-01,SA,200.0,0.0,3,197,3.649249312113953e-11,22627.85714285714,S,371,P
S371Y,11063,2022-05-01,IND,189.80324056747355,10.196759432526434,13,187,6.032921017226666e-39,247.0935782102437,S,371,Y
S373P,712,2020-12-01,SA,199.64912280701756,0.3508771929824561,3,197,4.981333299128807e-15,13273.512518409423,S,373,P
S375F,713,2020-12-01,SA,200.0,0.0,3,197,3.649249312113953e-11,22627.85714285714,S,375,F
S477I,4524,2021-02-01,CA,183.15404807246895,16.84595192753101,3,197,6.1692177715871024e-27,597.4498034527128,S,477,I
S477N,4372,2020-11-01,CA,199.46626000762487,0.5337399923751429,4,196,1.5203957167303123e-16,8446.862929497818,S,477,N
S494P,4203,2020-08-01,CA,199.92995972684287,0.0700402731570653,3,197,4.803661254726924e-12,19840.661846984225,S,494,P
S514F,7586,2023-04-01,CA,148.96254378873618,51.03745621126381,2,198,1.192443042002892e-16,230.26604045373855,S,514,F
T323I,10417,2021-03-01,IND,134.04255319148936,65.95744680851064,3,197,2.542573118693759e-17,114.23917766242084,T,323,I
T376A,1823,2021-12-01,SA,166.3810930576071,33.61890694239291,8,192,2.497010190535094e-32,110.77042817906434,T,376,A
T376I,4325,2020-10-01,CA,58.74411302982732,141.2558869701727,2,198,8.943021638995757e-08,33.18368411435406,T,376,I
T478A,3487,2023-10-01,SA,59.54838709677419,5.451612903225806,6,59,3.1452159216594374e-14,92.35709818636649,T,478,A
T478I,8683,2023-08-01,CA,195.08873297565003,4.911267024349979,2,198,5.577176523542465e-25,2869.8907905274,T,478,I
T478K,206,2020-06-01,SA,158.80329896907216,0.196701030927835,4,155,3.802408234631866e-12,7901.257143796652,T,478,K
T478P,9245,2023-10-01,CA,199.23542529467983,0.7645747053201657,2,198,7.205801923729467e-18,12540.969467187302,T,478,P
T478R,11413,2022-11-01,IND,156.227868852459,0.7721311475409836,2,155,3.1188319909260704e-16,7663.10412371134,T,478,R
V367F,10233,2020-08-01,IND,42.75248560962847,0.2475143903715332,2,41,2.744637677461714e-07,960.5049352467624,V,367,F
V367I,4380,2020-11-01,CA,199.88449797871465,0.1155020212853725,2,198,1.0584307445854472e-12,25849.67813149253,V,367,I
V367L,4758,2021-05-01,CA,199.96609977964857,0.0339002203514322,2,198,9.19410469295112e-12,29812.70229112652,V,367,L
V382L,4330,2020-10-01,CA,199.63644626221316,0.3635537377868666,9,191,7.032407362930897e-14,4671.775756652518,V,382,L
V407A,10423,2021-03-01,IND,103.28595998913733,96.71404001086267,2,198,9.702984934475914e-12,84.76764490208102,V,407,A
V407I,10424,2021-03-01,IND,84.83267362360561,115.1673263763944,2,198,4.3572480832850015e-10,58.57673465768831,V,407,I
V445A,6141,2022-09-01,CA,199.4879453808406,0.512054619159377,2,198,3.0759706317020444e-16,15689.907009592072,V,445,A
V445D,3302,2023-08-01,SA,45.9812321501428,0.0187678498572011,6,40,1.4505963509805612e-05,558.2725127801808,V,445,D
V445L,11247,2022-09-01,IND,77.71764705882353,0.2823529411764706,4,74,1.990307069711185e-09,1655.1821219715955,V,445,L
V483A,10267,2020-12-01,IND,200.0,0.0,2,198,2.4078012692326716e-11,31839.4,V,483,A
V483F,10348,2021-02-01,IND,199.8843930635838,0.1156069364161849,2,198,1.0556318079139516e-12,25845.25915492958,V,483,F
W436C,1633,2021-09-01,SA,49.142857142857146,150.85714285714286,2,198,7.023743789093612e-07,26.042000943841437,W,436,C
Y449H,1434,2021-06-01,SA,198.06119357770373,1.9388064222962735,3,197,1.0482855319579376e-23,4594.265617929676,Y,449,H
Y451H,8502,2023-07-01,CA,199.7017771292706,0.2982228707293962,3,197,1.5848858578354863e-14,14152.814577391118,Y,451,H
Y453F,8503,2023-07-01,CA,196.92380501656413,3.0761949834358733,2,198,5.69610022309668e-24,4383.276133130417,Y,453,F
Y505H,736,2020-12-01,SA,200.0,0.0,2,198,2.4078012692326716e-11,31839.4,Y,505,H
