protein,Mutation,Date,Regions,Site
spike,D614G,2020-03-01,ISR| MEX| RUS| AUS| CA| GER| JPN| NY| SA| UK,614
spike,S477N,2020-06-01,AUS,477
spike,A222V,2020-10-01,UK,222
spike,N501Y,2020-11-01,SA,501
spike,E484K,2020-11-01,SA,484
spike,D80A,2020-11-01,SA,80
spike,A701V,2020-11-01,SA,701
spike,K417N,2020-11-01,SA,417
spike,D215G,2020-12-01,SA,215
spike,N501T,2020-12-01,AUS,501
spike,D1118H,2021-01-01,ISR| UK,1118
spike,T716I,2021-01-01,ISR| UK,716
spike,A570D,2021-01-01,ISR| UK,570
spike,T732A,2021-01-01,MEX,732
spike,S982A,2021-01-01,ISR| UK,982
spike,P681H,2021-01-01,ISR| MEX| UK,681
spike,L5F,2021-01-01,ISR,5
spike,L452R,2021-02-01,CA,452
spike,T478K,2021-02-01,MEX,478
spike,S13I,2021-02-01,CA,13
spike,W152C,2021-02-01,CA,152
spike,P681R,2021-04-01,IND| SGP,681
spike,T19R,2021-04-01,IND,19
spike,D950N,2021-05-01,IND| SGP| UK,950
spike,T95I,2021-05-01,SGP,95
spike,G142D,2021-05-01,SGP,142
spike,V1264L,2021-07-01,SGP,1264
spike,L1234I,2021-09-01,SGP,1234
spike,N679K,2021-11-01,SA,679
spike,L981F,2021-11-01,SA,981
spike,N764K,2021-11-01,SA,764
spike,Q954H,2021-11-01,SA,954
spike,N969K,2021-11-01,SA,969
spike,Q493R,2021-11-01,SA,493
spike,Q498R,2021-11-01,SA,498
spike,S373P,2021-11-01,SA,373
spike,S375F,2021-11-01,SA,375
spike,T547K,2021-11-01,SA,547
spike,N856K,2021-11-01,SA,856
spike,N440K,2021-11-01,SA,440
spike,Y505H,2021-11-01,SA,505
spike,A67V,2021-11-01,SA,67
spike,D796Y,2021-11-01,SA,796
spike,E484A,2021-11-01,SA,484
spike,G339D,2021-11-01,SA,339
spike,G446S,2021-11-01,SA,446
spike,H655Y,2021-11-01,SA,655
spike,G496S,2021-11-01,SA,496
spike,D405N,2022-01-01,IND,405
spike,S371F,2022-01-01,IND,371
spike,R408S,2022-01-01,IND,408
spike,R346K,2022-01-01,ISR| MEX| CA| JPN,346
spike,V213G,2022-01-01,IND,213
spike,T19I,2022-01-01,IND,19
spike,T376A,2022-01-01,IND,376
spike,F486V,2022-04-01,SA,486
spike,L452Q,2022-05-01,NY,452
spike,S704L,2022-05-01,NY,704
spike,G257S,2022-08-01,IND,257
spike,F157L,2022-08-01,IND,157
spike,W152R,2022-08-01,IND,152
spike,I210V,2022-08-01,IND,210
spike,K147E,2022-08-01,IND,147
spike,N460K,2022-08-01,IND,460
spike,R346T,2022-09-01,IND| SA,346
spike,F486S,2022-09-01,IND,486
spike,H146Q,2022-10-01,IND| SGP,146
spike,V83A,2022-10-01,IND| SGP,83
spike,V213E,2022-10-01,IND| SGP,213
spike,F490S,2022-10-01,IND| SGP,490
spike,L368I,2022-10-01,SGP,368
spike,Q183E,2022-10-01,IND| SGP,183
spike,K444T,2022-11-01,MEX| NY| UK,444
spike,G252V,2023-02-01,ISR| MEX| CA| IND| NY| SA,252
spike,T478R,2023-03-01,IND,478
spike,E180V,2023-03-01,IND,180
spike,F456L,2023-07-01,GER,456
spike,P521S,2023-08-01,IND,521
spike,R403K,2023-08-01,SA,403
spike,L455F,2023-09-01,SGP,455
spike,Q52H,2023-09-01,SGP,52
spike,A570V,2023-11-01,SA,570
spike,A264D,2023-11-01,SA,264
spike,V127F,2023-11-01,SA,127
spike,S939F,2023-11-01,SA,939
spike,E554K,2023-11-01,SA,554
spike,S50L,2023-11-01,SA,50
spike,K356T,2023-11-01,SA,356
spike,R158G,2023-11-01,SA,158
spike,R21T,2023-11-01,SA,21
spike,L216F,2023-11-01,SA,216
spike,I332V,2023-11-01,SA,332
spike,P621S,2023-11-01,SA,621
spike,P1143L,2023-11-01,SA,1143
spike,H245N,2023-11-01,SA,245
spike,F157S,2023-11-01,SA,157
spike,N481K,2023-12-01,ISR| GER| IND| NY| SGP| UK,481
spike,A27S,2023-12-01,SGP,27
spike,L455S,2023-12-01,ISR| IND| NY| SGP| UK,455
spike,N450D,2023-12-01,ISR| GER| IND| NY| SGP| UK,450
spike,L18P,2024-02-01,IND,18
spike,V1104L,2024-03-01,IND,1104
spike,A1087S,2024-05-01,RUS,1087
spike,Q493E,2024-05-01,JPN,493
spike,F59S,2024-05-01,RUS,59
spike,T22N,2024-10-01,SGP,22
spike,K182R,2024-11-01,RUS,182
spike,R190S,2024-11-01,RUS,190
spike,S31P,2024-11-01,RUS,31
spike,K444R,2024-11-01,RUS,444
spike,K1086R,2025-03-01,NY,1086
spike,F186L,2025-03-01,NY,186
